﻿<?xml version="1.0" encoding="utf-8" ?>
<c2theme>
    <eventsheet_background>16119285</eventsheet_background>
    <event_background>16773619</event_background>
    <event_background_sel>12648447</event_background_sel>
    <event_border>16761805</event_border>
    <event_border_sel>3983359</event_border_sel>
    <event_number>16761805</event_number>
    <event_number_sel>3983359</event_number_sel>
    <event_heirarchy_line>16761805</event_heirarchy_line>
    <event_heirarchy_line_sel>3983359</event_heirarchy_line_sel>
    <condition_background>16777215</condition_background>
    <condition_background_sel>16777215</condition_background_sel>
    <condition_border_sel>3983359</condition_border_sel>
    <condition_object_text>0</condition_object_text>
    <condition_object_text_sel>0</condition_object_text_sel>
    <condition_separator>16761805</condition_separator>
    <condition_separator_sel>3983359</condition_separator_sel>
    <condition_text>0</condition_text>
    <condition_text_sel>0</condition_text_sel>
    <invalid_condition_text>255</invalid_condition_text>
    <action_background>16777215</action_background>
    <action_background_sel>12648447</action_background_sel>
    <action_border_sel>3983359</action_border_sel>
    <action_object_text>0</action_object_text>
    <action_object_text_sel>0</action_object_text_sel>
    <action_separator>16761805</action_separator>
    <action_separator_sel>3983359</action_separator_sel>
    <action_text>0</action_text>
    <action_text_sel>0</action_text_sel>
    <link_text>16711680</link_text>
    <group_background>16773619</group_background>
    <group_background_sel>12648447</group_background_sel>
    <group_border>16761805</group_border>
    <group_border_sel>3983359</group_border_sel>
    <group_text>0</group_text>
    <group_text_sel>0</group_text_sel>
    <inactive_group_text>16761805</inactive_group_text>
    <inactive_group_text_sel>3983359</inactive_group_text_sel>
    <group_description>0</group_description>
    <group_description_sel>0</group_description_sel>
    <inactive_group_description>16761805</inactive_group_description>
    <inactive_group_description_sel>3983359</inactive_group_description_sel>
    <expand_box>0</expand_box>
    <expand_box_sel>0</expand_box_sel>
    <expand_box_border>16761805</expand_box_border>
    <expand_box_border_sel>3983359</expand_box_border_sel>
    <include_background>16773619</include_background>
    <include_background_sel>12648447</include_background_sel>
    <include_border>16761805</include_border>
    <include_border_sel>3983359</include_border_sel>
    <include_text>0</include_text>
    <include_text_sel>0</include_text_sel>
    <eventvar_background>16773619</eventvar_background>
    <eventvar_background_sel>12648447</eventvar_background_sel>
    <eventvar_border>16761805</eventvar_border>
    <eventvar_border_sel>3983359</eventvar_border_sel>
    <eventvar_text>0</eventvar_text>
    <eventvar_text_sel>0</eventvar_text_sel>
    <eventvar_description>11174536</eventvar_description>
    <eventvar_description_sel>11174536</eventvar_description_sel>
    <comment_background>12255231</comment_background>
    <comment_background_sel>3983359</comment_background_sel>
    <comment_border>60138</comment_border>
    <comment_border_sel>3983359</comment_border_sel>
    <comment_text>0</comment_text>
    <comment_text_sel>0</comment_text_sel>
    <insert_mark>0</insert_mark>
    <exp_error_underline>255</exp_error_underline>
    <exp_stringliteral>1381795</exp_stringliteral>
    <exp_number>10485920</exp_number>
    <exp_operator>16711680</exp_operator>
    <exp_object>32768</exp_object>
    <exp_behavior>26536</exp_behavior>
    <exp_bracket>12632256</exp_bracket>
    <exp_badbracket>8421631</exp_badbracket>
    <exp_text>0</exp_text>
    <exp_background>16777215</exp_background>
    <exp_selection>16750899</exp_selection>
    <exp_selected_text>16777215</exp_selected_text>
    <exp_caret>0</exp_caret>
    <layoutview_background>15918809</layoutview_background>
    <layout_border>0</layout_border>
    <layoutview_collisionpoly>255</layoutview_collisionpoly>
    <debugger_breakborder>255</debugger_breakborder>
    <debugger_breakbackground>14869247</debugger_breakbackground>
</c2theme>
