﻿<?xml version="1.0" encoding="utf-8" ?>
<c2theme>
    <eventsheet_background>16250871</eventsheet_background>
    <event_background>15461355</event_background>
    <event_background_sel>16370073</event_background_sel>
    <event_border>13553358</event_border>
    <event_border_sel>16299638</event_border_sel>
    <event_number>3947580</event_number>
    <event_number_sel>15365376</event_number_sel>
    <event_heirarchy_line>14079702</event_heirarchy_line>
    <event_heirarchy_line_sel>14079702</event_heirarchy_line_sel>
    <condition_background>16250871</condition_background>
    <condition_background_sel>16504238</condition_background_sel>
    <condition_border_sel>16370073</condition_border_sel>
    <condition_object_text>2631720</condition_object_text>
    <condition_object_text_sel>2631720</condition_object_text_sel>
    <condition_separator>13553358</condition_separator>
    <condition_separator_sel>16750899</condition_separator_sel>
    <condition_text>2631720</condition_text>
    <condition_text_sel>2631720</condition_text_sel>
    <invalid_condition_text>255</invalid_condition_text>
    <action_background>15658734</action_background>
    <action_background_sel>16436125</action_background_sel>
    <action_border_sel>16229448</action_border_sel>
    <action_object_text>2631720</action_object_text>
    <action_object_text_sel>3947580</action_object_text_sel>
    <action_separator>13553358</action_separator>
    <action_separator_sel>16750899</action_separator_sel>
    <action_text>2631720</action_text>
    <action_text_sel>3947580</action_text_sel>
    <link_text>2631720</link_text>
    <group_background>14408667</group_background>
    <group_background_sel>16367237</group_background_sel>
    <group_border>12632256</group_border>
    <group_border_sel>16229448</group_border_sel>
    <group_text>2631720</group_text>
    <group_text_sel>2631720</group_text_sel>
    <inactive_group_text>11842740</inactive_group_text>
    <inactive_group_text_sel>14323525</inactive_group_text_sel>
    <group_description>3947580</group_description>
    <group_description_sel>3947580</group_description_sel>
    <inactive_group_description>11184810</inactive_group_description>
    <inactive_group_description_sel>13731128</inactive_group_description_sel>
    <expand_box>6579300</expand_box>
    <expand_box_sel>6579300</expand_box_sel>
    <expand_box_border>6579300</expand_box_border>
    <expand_box_border_sel>6579300</expand_box_border_sel>
    <include_background>5263440</include_background>
    <include_background_sel>15634483</include_background_sel>
    <include_border>3947580</include_border>
    <include_border_sel>14714153</include_border_sel>
    <include_text>16775413</include_text>
    <include_text_sel>16775413</include_text_sel>
    <eventvar_background>12841691</eventvar_background>
    <eventvar_background_sel>16504238</eventvar_background_sel>
    <eventvar_border>10932401</eventvar_border>
    <eventvar_border_sel>16229448</eventvar_border_sel>
    <eventvar_text>2631720</eventvar_text>
    <eventvar_text_sel>2631720</eventvar_text_sel>
    <eventvar_description>6579300</eventvar_description>
    <eventvar_description_sel>6579300</eventvar_description_sel>
    <comment_background>12058365</comment_background>
    <comment_background_sel>16572609</comment_background_sel>
    <comment_border>4775389</comment_border>
    <comment_border_sel>16229448</comment_border_sel>
    <comment_text>2631720</comment_text>
    <comment_text_sel>2631720</comment_text_sel>
    <insert_mark>2631720</insert_mark>
    <exp_error_underline>255</exp_error_underline>
    <exp_stringliteral>1381795</exp_stringliteral>
    <exp_number>10485920</exp_number>
    <exp_operator>16711680</exp_operator>
    <exp_object>32768</exp_object>
    <exp_behavior>26536</exp_behavior>
    <exp_bracket>13224393</exp_bracket>
    <exp_badbracket>10461183</exp_badbracket>
    <exp_text>0</exp_text>
    <exp_background>16777215</exp_background>
    <exp_selection>16750899</exp_selection>
    <exp_selected_text>16777215</exp_selected_text>
    <exp_caret>0</exp_caret>
    <layoutview_background>11513775</layoutview_background>
    <layout_border>0</layout_border>
    <layoutview_collisionpoly>255</layoutview_collisionpoly>
    <debugger_breakborder>255</debugger_breakborder>
    <debugger_breakbackground>13291263</debugger_breakbackground>
</c2theme>
